year,driverFullname,wins
1950,Johnnie Parsons,1
1950,Juan Fangio,3
1950,Nino Farina,3
1951,Alberto Ascari,2
1951,José Froilán González,1
1951,Juan Fangio,6
1951,Lee Wallard,1
1951,Luigi Fagioli,1
1951,Nino Farina,4
1952,Alberto Ascari,8
1952,Piero Taruffi,1
1952,Troy Ruttman,1
1953,Alberto Ascari,13
1953,Bill Vukovich,1
1953,Juan Fangio,7
1953,Mike Hawthorn,1
1953,Nino Farina,5
1954,Bill Vukovich,2
1954,José Froilán González,2
1954,Juan Fangio,13
1954,Mike Hawthorn,2
1955,Bob Sweikert,1
1955,Juan Fangio,17
1955,Maurice Trintignant,1
1955,Stirling Moss,1
1956,Juan Fangio,20
1956,Luigi Musso,1
1956,Pat Flaherty,1
1956,Peter Collins,2
1956,Stirling Moss,3
1957,Juan Fangio,24
1957,Sam Hanks,1
1957,Stirling Moss,6
1957,Tony Brooks,1
1958,Jimmy Bryan,1
1958,Maurice Trintignant,2
1958,Mike Hawthorn,3
1958,Peter Collins,3
1958,Stirling Moss,10
1958,Tony Brooks,4
1959,Bruce McLaren,1
1959,Jack Brabham,2
1959,Jo Bonnier,1
1959,Rodger Ward,1
1959,Stirling Moss,12
1959,Tony Brooks,6
1960,Bruce McLaren,2
1960,Jack Brabham,7
1960,Jim Rathmann,1
1960,Phil Hill,1
1960,Stirling Moss,14
1961,Giancarlo Baghetti,1
1961,Innes Ireland,1
1961,Phil Hill,3
1961,Stirling Moss,16
1961,Wolfgang von Trips,2
1962,Bruce McLaren,3
1962,Dan Gurney,1
1962,Graham Hill,4
1962,Jim Clark,3
1963,Graham Hill,6
1963,Jim Clark,10
1963,John Surtees,1
1964,Dan Gurney,3
1964,Graham Hill,8
1964,Jim Clark,13
1964,John Surtees,3
1964,Lorenzo Bandini,1
1965,Graham Hill,10
1965,Jackie Stewart,1
1965,Jim Clark,19
1965,Richie Ginther,1
1966,Jack Brabham,11
1966,Jackie Stewart,2
1966,Jim Clark,20
1966,John Surtees,5
1966,Ludovico Scarfiotti,1
1967,Dan Gurney,4
1967,Denny Hulme,2
1967,Jack Brabham,13
1967,Jim Clark,24
1967,John Surtees,6
1967,Pedro Rodríguez,1
1968,Bruce McLaren,4
1968,Denny Hulme,4
1968,Graham Hill,13
1968,Jackie Stewart,5
1968,Jacky Ickx,1
1968,Jim Clark,25
1968,Jo Siffert,1
1969,Denny Hulme,5
1969,Graham Hill,14
1969,Jackie Stewart,11
1969,Jacky Ickx,3
1969,Jochen Rindt,1
1970,Clay Regazzoni,1
1970,Emerson Fittipaldi,1
1970,Jack Brabham,14
1970,Jackie Stewart,12
1970,Jacky Ickx,6
1970,Jochen Rindt,6
1970,Pedro Rodríguez,2
1971,François Cevert,1
1971,Jackie Stewart,18
1971,Jacky Ickx,7
1971,Jo Siffert,2
1971,Mario Andretti,1
1971,Peter Gethin,1
1972,Denny Hulme,6
1972,Emerson Fittipaldi,6
1972,Jackie Stewart,22
1972,Jacky Ickx,8
1972,Jean-Pierre Beltoise,1
1973,Denny Hulme,7
1973,Emerson Fittipaldi,9
1973,Jackie Stewart,27
1973,Peter Revson,2
1973,Ronnie Peterson,4
1974,Carlos Reutemann,3
1974,Clay Regazzoni,2
1974,Denny Hulme,8
1974,Emerson Fittipaldi,12
1974,Jody Scheckter,2
1974,Niki Lauda,2
1974,Ronnie Peterson,7
1975,Carlos Pace,1
1975,Carlos Reutemann,4
1975,Clay Regazzoni,3
1975,Emerson Fittipaldi,14
1975,James Hunt,1
1975,Jochen Mass,1
1975,Jody Scheckter,3
1975,Niki Lauda,7
1975,Vittorio Brambilla,1
1976,Clay Regazzoni,4
1976,James Hunt,7
1976,Jody Scheckter,4
1976,John Watson,1
1976,Mario Andretti,2
1976,Niki Lauda,12
1976,Ronnie Peterson,8
1977,Alan Jones,1
1977,Carlos Reutemann,5
1977,Gunnar Nilsson,1
1977,Jacques Laffite,1
1977,James Hunt,10
1977,Jody Scheckter,7
1977,Mario Andretti,6
1977,Niki Lauda,15
1978,Carlos Reutemann,9
1978,Gilles Villeneuve,1
1978,Mario Andretti,12
1978,Niki Lauda,17
1978,Patrick Depailler,1
1978,Ronnie Peterson,10
1979,Alan Jones,5
1979,Clay Regazzoni,5
1979,Gilles Villeneuve,4
1979,Jacques Laffite,3
1979,Jean-Pierre Jabouille,1
1979,Jody Scheckter,10
1979,Patrick Depailler,2
1980,Alan Jones,10
1980,Carlos Reutemann,10
1980,Didier Pironi,1
1980,Jacques Laffite,4
1980,Jean-Pierre Jabouille,2
1980,Nelson Piquet,3
1980,René Arnoux,2
1981,Alain Prost,3
1981,Alan Jones,12
1981,Carlos Reutemann,12
1981,Gilles Villeneuve,6
1981,Jacques Laffite,6
1981,John Watson,2
1981,Nelson Piquet,6
1982,Alain Prost,5
1982,Didier Pironi,3
1982,Elio de Angelis,1
1982,John Watson,4
1982,Keke Rosberg,1
1982,Michele Alboreto,1
1982,Nelson Piquet,7
1982,Niki Lauda,19
1982,Patrick Tambay,1
1982,René Arnoux,4
1982,Riccardo Patrese,1
1983,Alain Prost,9
1983,John Watson,5
1983,Keke Rosberg,2
1983,Michele Alboreto,2
1983,Nelson Piquet,10
1983,Patrick Tambay,2
1983,René Arnoux,7
1983,Riccardo Patrese,2
1984,Alain Prost,16
1984,Keke Rosberg,3
1984,Michele Alboreto,3
1984,Nelson Piquet,12
1984,Niki Lauda,24
1985,Alain Prost,21
1985,Ayrton Senna,2
1985,Elio de Angelis,2
1985,Keke Rosberg,5
1985,Michele Alboreto,5
1985,Nelson Piquet,13
1985,Nigel Mansell,2
1985,Niki Lauda,25
1986,Alain Prost,25
1986,Ayrton Senna,4
1986,Gerhard Berger,1
1986,Nelson Piquet,17
1986,Nigel Mansell,7
1987,Alain Prost,28
1987,Ayrton Senna,6
1987,Gerhard Berger,3
1987,Nelson Piquet,20
1987,Nigel Mansell,13
1988,Alain Prost,35
1988,Ayrton Senna,14
1988,Gerhard Berger,4
1989,Alain Prost,39
1989,Alessandro Nannini,1
1989,Ayrton Senna,20
1989,Gerhard Berger,5
1989,Nigel Mansell,15
1989,Thierry Boutsen,2
1990,Alain Prost,44
1990,Ayrton Senna,26
1990,Nelson Piquet,22
1990,Nigel Mansell,16
1990,Riccardo Patrese,3
1990,Thierry Boutsen,3
1991,Ayrton Senna,33
1991,Gerhard Berger,6
1991,Nelson Piquet,23
1991,Nigel Mansell,21
1991,Riccardo Patrese,5
1992,Ayrton Senna,36
1992,Gerhard Berger,8
1992,Michael Schumacher,1
1992,Nigel Mansell,30
1992,Riccardo Patrese,6
1993,Alain Prost,51
1993,Ayrton Senna,41
1993,Damon Hill,3
1993,Michael Schumacher,2
1994,Damon Hill,9
1994,Gerhard Berger,9
1994,Michael Schumacher,10
1994,Nigel Mansell,31
1995,Damon Hill,13
1995,David Coulthard,1
1995,Jean Alesi,1
1995,Johnny Herbert,2
1995,Michael Schumacher,19
1996,Damon Hill,21
1996,Jacques Villeneuve,4
1996,Michael Schumacher,22
1996,Olivier Panis,1
1997,David Coulthard,3
1997,Gerhard Berger,10
1997,Heinz-Harald Frentzen,1
1997,Jacques Villeneuve,11
1997,Michael Schumacher,27
1997,Mika Häkkinen,1
1998,Damon Hill,22
1998,David Coulthard,4
1998,Michael Schumacher,33
1998,Mika Häkkinen,9
1999,David Coulthard,6
1999,Eddie Irvine,4
1999,Heinz-Harald Frentzen,3
1999,Johnny Herbert,3
1999,Michael Schumacher,35
1999,Mika Häkkinen,14
2000,David Coulthard,9
2000,Michael Schumacher,44
2000,Mika Häkkinen,18
2000,Rubens Barrichello,1
2001,David Coulthard,11
2001,Juan Pablo Montoya,1
2001,Michael Schumacher,53
2001,Mika Häkkinen,20
2001,Ralf Schumacher,3
2002,David Coulthard,12
2002,Michael Schumacher,64
2002,Ralf Schumacher,4
2002,Rubens Barrichello,5
2003,David Coulthard,13
2003,Fernando Alonso,1
2003,Giancarlo Fisichella,1
2003,Juan Pablo Montoya,3
2003,Kimi Räikkönen,1
2003,Michael Schumacher,70
2003,Ralf Schumacher,6
2003,Rubens Barrichello,7
2004,Jarno Trulli,1
2004,Juan Pablo Montoya,4
2004,Kimi Räikkönen,2
2004,Michael Schumacher,83
2004,Rubens Barrichello,9
2005,Fernando Alonso,8
2005,Giancarlo Fisichella,2
2005,Juan Pablo Montoya,7
2005,Kimi Räikkönen,9
2005,Michael Schumacher,84
2006,Felipe Massa,2
2006,Fernando Alonso,15
2006,Giancarlo Fisichella,3
2006,Jenson Button,1
2006,Michael Schumacher,91
2007,Felipe Massa,5
2007,Fernando Alonso,19
2007,Kimi Räikkönen,15
2007,Lewis Hamilton,4
2008,Felipe Massa,11
2008,Fernando Alonso,21
2008,Heikki Kovalainen,1
2008,Kimi Räikkönen,17
2008,Lewis Hamilton,9
2008,Robert Kubica,1
2008,Sebastian Vettel,1
2009,Jenson Button,7
2009,Kimi Räikkönen,18
2009,Lewis Hamilton,11
2009,Mark Webber,2
2009,Rubens Barrichello,11
2009,Sebastian Vettel,5
2010,Fernando Alonso,26
2010,Jenson Button,9
2010,Lewis Hamilton,14
2010,Mark Webber,6
2010,Sebastian Vettel,10
2011,Fernando Alonso,27
2011,Jenson Button,12
2011,Lewis Hamilton,17
2011,Mark Webber,7
2011,Sebastian Vettel,21
2012,Fernando Alonso,30
2012,Jenson Button,15
2012,Kimi Räikkönen,19
2012,Lewis Hamilton,21
2012,Mark Webber,9
2012,Nico Rosberg,1
2012,Pastor Maldonado,1
2012,Sebastian Vettel,26
2013,Fernando Alonso,32
2013,Kimi Räikkönen,20
2013,Lewis Hamilton,22
2013,Nico Rosberg,3
2013,Sebastian Vettel,39
2014,Daniel Ricciardo,3
2014,Lewis Hamilton,33
2014,Nico Rosberg,8
2015,Lewis Hamilton,43
2015,Nico Rosberg,14
2015,Sebastian Vettel,42
2016,Daniel Ricciardo,4
2016,Lewis Hamilton,53
2016,Max Verstappen,1
2016,Nico Rosberg,23
2017,Daniel Ricciardo,5
2017,Lewis Hamilton,62
2017,Max Verstappen,3
2017,Sebastian Vettel,47
2017,Valtteri Bottas,3
2018,Daniel Ricciardo,7
2018,Kimi Räikkönen,21
2018,Lewis Hamilton,73
2018,Max Verstappen,5
2018,Sebastian Vettel,52
2019,Charles Leclerc,2
2019,Lewis Hamilton,84
2019,Max Verstappen,8
2019,Sebastian Vettel,53
2019,Valtteri Bottas,7
2020,Lewis Hamilton,95
2020,Max Verstappen,10
2020,Pierre Gasly,1
2020,Sergio Pérez,1
2020,Valtteri Bottas,9
2021,Daniel Ricciardo,8
2021,Esteban Ocon,1
2021,Lewis Hamilton,103
2021,Max Verstappen,20
2021,Sergio Pérez,2
2021,Valtteri Bottas,10
2022,Carlos Sainz,1
2022,Charles Leclerc,5
2022,George Russell,1
2022,Max Verstappen,35
2022,Sergio Pérez,4
